<?xml version="1.0" encoding="utf-8"?>
<!DOCTYPE hibernate-mapping PUBLIC "-//Hibernate/Hibernate Mapping DTD 3.0//EN"
"http://www.hibernate.org/dtd/hibernate-mapping-3.0.dtd">
<!-- 
    Mapping file autogenerated by MyEclipse Persistence Tools
-->
<hibernate-mapping>
    <class name="com.system.dao.Goods" table="goods" catalog="supermarket">
        <id name="gno" type="java.lang.Integer">
            <column name="Gno" />
            <generator class="assigned" />
        </id>
        <property name="gname" type="java.lang.String">
            <column name="Gname" length="20">
                <comment>商品名</comment>
            </column>
        </property>
        <property name="gup" type="java.lang.String">
            <column name="Gup">
                <comment>单价The unit price</comment>
            </column>
        </property>
    </class>
</hibernate-mapping>
