<?xml version="1.0" encoding="utf-8"?>
<!DOCTYPE hibernate-mapping PUBLIC "-//Hibernate/Hibernate Mapping DTD 3.0//EN"
"http://www.hibernate.org/dtd/hibernate-mapping-3.0.dtd">
<!-- 
    Mapping file autogenerated by MyEclipse Persistence Tools
-->
<hibernate-mapping>
    <class name="com.system.dao.Supplier" table="supplier" catalog="supermarket">
        <id name="sname" type="java.lang.String">
            <column name="Sname" length="20" />
            <generator class="assigned" />
        </id>
        <property name="sphone" type="java.lang.String">
            <column name="Sphone" length="11" not-null="true" />
        </property>
        <property name="scity" type="java.lang.String">
            <column name="Scity" length="20" not-null="true" />
        </property>
    </class>
</hibernate-mapping>
