<?xml version="1.0" encoding="utf-8"?>
<!DOCTYPE hibernate-mapping PUBLIC "-//Hibernate/Hibernate Mapping DTD 3.0//EN"
"http://www.hibernate.org/dtd/hibernate-mapping-3.0.dtd">
<!-- 
    Mapping file autogenerated by MyEclipse Persistence Tools
-->
<hibernate-mapping>
    <class name="com.system.dao.Userlogin" table="userlogin" catalog="supermarket">
        <id name="username" type="java.lang.String">
            <column name="username" length="20" />
            <generator class="assigned" />
        </id>
        <property name="password" type="java.lang.String">
            <column name="password" length="6" not-null="true">
                <comment>密码</comment>
            </column>
        </property>
        <property name="sex" type="java.lang.String">
            <column name="sex" length="5" not-null="true" />
        </property>
        <property name="addr" type="java.lang.String">
            <column name="addr" length="20" not-null="true" />
        </property>
    </class>
</hibernate-mapping>
